,상권코드,상권명,행정동코드
0,1000275,보문로26길,11290600
1,1000276,보문로31길,11290555
2,1001045,동작구 총신대입구역_1,11590630
3,1001046,서울 관악구 신림역_4,11620695
4,1001047,뱅뱅사거리_1,11680655
5,1001048,뱅뱅사거리,11650520
6,1001049,개봉동 현대아파트 인근,11530760
7,1001050,교대역_1,11650530
8,1001260,창동역,11320514
9,1001261,서울 노원구 노원역_1,11350695
10,1001262,서울 노원구 노원역_2,11350695
11,1001263,서울 노원구 노원역_3,11350640
12,1001217,서울 종로구 종로5가역_1,11110630
13,1001255,서울 은평구 연신내역_3,11380530
14,1001259,서울 강북구 수유역_3,11305630
15,1001310,구의시장,11215860
16,1001322,동부시장,11230600
17,1001323,답십리시장,11230610
18,1001324,전곡시장,11230660
19,1001325,청량리청과물시장,11230545
20,1001451,사당시장,11590650
21,1001468,남부종합시장,11650590
22,1001469,양재시장,11650651
23,1001407,등마루시장,11500520
24,1001408,신월중앙시장,11500535
25,1001450,남성역골목시장,11590650
26,1001042,서울 서초구 남부터미널역_3,11650510
27,1001043,동작구 총신대입구역_2,11650621
28,1001044,양재역_3,11650520
29,1001030,양재역_2,11650651
30,1001031,서울 관악구 신림역_1,11620645
31,1001032,서울 관악구 신림역_2,11620645
32,1001033,서울 서초구 남부터미널역_1,11650510
33,1000379,동일로173가길,11350595
34,1000380,동일로192길,11350595
35,1000381,동일로242길,11350630
36,1000071,이태원로54길,11170685
37,1000072,장문로45길,11170700
38,1000073,청파로47길,11170555
39,1001490,길동복조리시장,11740685
40,1001332,사가정시장,11260575
41,1001333,중화제일시장,11260630
42,1001334,태능시장,11260610
43,1001335,묵1동도깨비시장,11260620
44,1001336,우림골목시장,11260655
45,1001337,유영시장,11260660
46,1001338,돈암제일시장,11290555
47,1001377,영천시장,11410520
48,1001057,교대역_2,11650510
49,1001058,역삼역_1,11680640
50,1001059,교대역_3,11650530
51,1001060,가락시장,11710631
52,1001061,방배동카페골목,11650590
53,1001062,서울 강남구 강남역_1,11650520
54,1001181,서울 광진구 군자역,11215730
55,1001123,학동사거리_1,11680531
56,1001017,관악구 사당역_3,11620630
57,1001018,포이사거리_2,11650652
58,1001019,포이사거리_1,11680690
59,1001020,장지역,11710642
60,1001021,가산디지털단지역_1,11545510
61,1001038,구로디지탈1단지,11530540
62,1001039,서울 서초구 남부터미널역_2,11650530
63,1001040,서울 관악구 신림역_3,11620695
64,1001041,서울 강남구 수서역,11680750
65,1000377,해등로16길,11320515
66,1000378,공릉로58길,11350611
67,1000298,정릉로27길,11290630
68,1000299,정릉로8길,11290640
69,1000376,우이천로4다길,11320513
70,1001292,이태원제일시장,11170660
71,1001293,보광시장,11170700
72,1001278,남평화시장,11140615
73,1001279,동평화시장,11140615
74,1001280,제일평화시장,11140615
75,1000300,종암로16길,11290705
76,1001281,청평화시장,11140615
77,1001282,약수시장,11140635
78,1001283,백학시장,11140650
79,1001284,서울중앙시장,11140670
80,1001309,조양시장,11215847
81,1001368,연서시장,11380530
82,1001369,갈현시장,11380551
83,1001370,역촌중앙시장,11380552
84,1001371,대조시장,11380570
85,1001098,포스코사거리_1,11680590
86,1001099,포스코사거리_2,11680580
87,1001100,강남구 논현역_3,11680521
88,1001101,선정릉역_2,11680590
89,1001102,서울 강남구 학동역_1,11680521
90,1001103,코엑스,11680580
91,1001104,삼성역_3,11680580
92,1001055,서울 서초구 서초역,11650530
93,1001056,서울 송파구 가락시장역,11710620
94,1001027,가산디지털단지역_3,11545510
95,1001028,서울 관악구 서울대입구역_2,11620575
96,1001029,양재역_1,11650651
97,1001011,서울 금천구 시흥1동_4,11545670
98,1001054,서울 강남구 대치역_2,11680600
99,1001012,양재 화물트럭터미널앞_1,11650652
100,1001013,양재 화물트럭터미널앞_2,11650652
101,1001014,양재동 꽃시장,11650652
102,1001015,서울 금천구 독산1동_1,11545610
103,1001016,서울 관악구 대학동_1,11620735
104,1000155,아차산로78길,11215810
105,1000156,용마산로21길,11215750
106,1000157,용마산로3길,11215750
107,1000158,자양로11길,11215820
108,1000295,장월로1길,11290725
109,1000296,장위로50길,11290780
110,1000297,정릉로26길,11290630
111,1001277,방산종합시장,11140605
112,1001264,통인시장,11110515
113,1001265,광장시장,11110615
114,1001266,동대문종합시장,11110630
115,1001267,종로신진시장,11110630
116,1001268,충신시장,11110630
117,1001269,동문시장,11110670
118,1001270,창신골목시장,11110680
119,1001272,신설종합시장,11110710
120,1001286,후암시장,11170510
121,1001287,신흥시장,11170520
122,1001289,용문전통시장,11170590
123,1001290,이촌종합시장,11170630
124,1001291,이태원시장,11170650
125,1001092,강남구 논현역_1,11650560
126,1001093,신천역,11710650
127,1001094,선정릉역_1,11680590
128,1001095,강남구 논현역_2,11680521
129,1001288,만리시장,11170555
130,1001096,신도림역,11530510
131,1001052,뱅뱅사거리_2,11680640
132,1001053,서울 강남구 대치역_1,11680600
133,1001022,관악구 사당역_2,11590620
134,1001023,가산디지털단지역_2,11545510
135,1001024,관악구 사당역_1,11650610
136,1001025,서울 관악구 서울대입구역_1,11620595
137,1001026,구로디지털단지역,11530595
138,1001097,잠실역 롯데월드,11710680
139,1001051,보라매공원,11590680
140,1000067,원효로53길,11170590
141,1000068,원효로89길,11170560
142,1000069,이촌로22길,11170640
143,1000070,이태원로27길,11170650
144,1000152,아차산로51길,11215850
145,1000153,아차산로55길,11215850
146,1000154,아차산로65길,11215870
147,1001300,화양제일골목시장,11215710
148,1001301,중곡제일시장,11215740
149,1001302,면곡골목시장,11215760
150,1001303,신성골목시장,11215770
151,1001304,자양골목시장,11215820
152,1001305,자양종합시장,11215830
153,1001306,노룬산골목시장,11215847
154,1001307,능동로골목시장,11215840
155,1001308,영동교골목시장,11215847
156,1001273,남대문시장,11140540
157,1001274,신중부시장,11140590
158,1001275,인현시장,11140590
159,1001276,평화시장,11140590
160,1001069,은마아파트입구사거리_3,11680630
161,1001070,은마아파트입구사거리_4,11680610
162,1001071,서울 강남구 한티역,11680630
163,1001165,서울 광진구 건대입구역_2,11215710
164,1001166,서울 마포구 마포역_2,11440590
165,1001167,서울 마포구 공덕역_1,11440565
166,1001089,삼정역_1,11680640
167,1001090,삼정역_2,11680531
168,1001091,삼성역_2,11680610
169,1000277,보문로32길,11290575
170,1000278,삼선교로10길,11290555
171,1000279,삼선교로10다길,11290555
172,1000280,삼선교로16가길,11290555
173,1000064,우사단로4길,11170700
174,1000065,원효로19길,11170570
175,1000066,원효로41길,11170570
176,1001298,성동용답상가시장,11200790
177,1001311,동부청과시장,11230536
178,1001314,경동시장,11230545
179,1001315,동서시장,11230545
180,1001316,서울약령시장,11230545
181,1001317,청량리농수산물시장,11230545
182,1001318,청량리전통시장,11230545
183,1001319,청량리종합시장,11230545
184,1001320,전농로터리시장,11230560
185,1001312,용두시장,11230536
186,1001313,청량리수산시장,11230536
187,1001321,답십리현대시장,11230610
188,1001299,한아름시장,11215710
189,1001085,서울 서초구 강남역,11680640
190,1001086,고속터미널역,11650581
191,1001087,서울 강남구 선릉역_2,11680640
192,1001088,삼성역_1,11680610
193,1001066,서울 강남구 강남역,11680640
194,1001067,오류동역,11530770
195,1001068,은마아파트입구사거리_2,11680610
196,1000293,인촌로5길,11290600
197,1000294,인촌로6길,11290610
198,1000212,천호대로77길,11230650
199,1000213,천호대로97길,11230650
200,1000214,한천로14길,11230650
201,1000215,한천로33길,11230570
202,1000273,보국문로16길,11290650
203,1000274,보문로13길,11290610
204,1000370,방학로15길,11320710
205,1000371,방학로5길,11320670
206,1000372,방학로6가길,11320690
207,1000373,삼양로144길,11320660
208,1000374,시루봉로23길,11320521
209,1000369,방학로10길,11320700
210,1000375,우이천로32길,11320660
211,1001326,회기시장,11230710
212,1001327,이경시장,11230720
213,1001328,이문제일시장,11230750
214,1001329,동부골목시장,11260590
215,1001330,동원시장,11260565
216,1001331,면목골목시장,11260570
217,1001285,합동(새벽)시장,11140680
218,1001294,마장축산물시장,11200540
219,1001295,행당시장,11200560
220,1001296,금남시장,11200615
221,1001297,뚝도시장,11200670
222,1001115,서울 강남구 강남구청역_2,11680531
223,1001116,영등포역_1,11560535
224,1001117,강남구 신사역_2,11680521
225,1001118,문래동 주민센터,11560605
226,1001119,영등포역_2,11560535
227,1001082,선릉역_2,11680630
228,1001083,서울 송파구 석촌역_2,11710580
229,1001084,서울 강남구 선릉역_1,11680590
230,1000210,천호대로17길,11230536
231,1000211,천호대로45길,11230536
232,1000221,휘경로3길,11230740
233,1000289,인촌로17가길,11290600
234,1000290,인촌로1길,11290610
235,1000291,개운사길,11290600
236,1000292,인촌로24길,11290600
237,1000541,은행정로7길,11470650
238,1000767,성대로29길,11590560
239,1000768,신대방길,11590670
240,1000769,양녕로26길,11590560
241,1000422,증산로13길,11380640
242,1000423,증산로15길,11380632
243,1001107,방이동 먹자골목,11710562
244,1001108,학동역,11680521
245,1001109,강남구 논현역_4,11650540
246,1001110,잠실역,11710710
247,1001111,서울 강남구 강남구청역_1,11680531
248,1001112,서울 강남구 학동역_3,11680531
249,1001113,서울 동작구 노량진1동_1,11590510
250,1001106,서울 강남구 학동역_2,11680531
251,1001114,강남구 신사역_1,11650540
252,1000057,백범로79길,11170580
253,1000058,백범로90길,11170560
254,1000059,서빙고로71길,11170690
255,1000060,소월로20길,11170520
256,1000061,신흥로20길,11170510
257,1000207,제기로5길,11230545
258,1000208,천장산로7길,11230740
259,1000209,천호대로12길,11230536
260,1000017,종로24길,11110615
261,1000018,종로58가길,11110710
262,1000734,국사봉2길,11590680
263,1000735,국사봉길,11590550
264,1000736,노량진로6길,11590520
265,1000737,대방동27길,11590660
266,1000016,자하문로7길,11110530
267,1000557,강서로29길,11500540
268,1000558,강서로35길,11500560
269,1001206,서대문구 서대문역_2,11410565
270,1001207,서울 중구 신당역_2,11140615
271,1001208,서울 중구 을지로3가역_2,11140605
272,1001252,서울 강북구 미아삼거리역_2,11290685
273,1001253,서울 은평구 연신내역_1,11380570
274,1001254,서울 은평구 연신내역_2,11380551
275,1001256,서울 강북구 수유역_1,11305590
276,1001257,서울 강북구 수유역_2,11305630
277,1001258,등나무근린공원 주변,11350625
278,1001073,서울 강남구 역삼역_1,11680640
279,1001074,대림역_2,11530560
280,1001075,역삼역_2,11680650
281,1001076,구로역,11530560
282,1001077,선릉역_1,11680650
283,1001078,서울 강남구 강남역_2,11650531
284,1001079,석촌역,11710600
285,1001080,서울 송파구 석촌역_1,11710580
286,1001105,서울 동작구 노량진역,11590510
287,1001453,낙성대시장,11620585
288,1001454,봉천제일종합시장,11620595
289,1001474,도곡시장,11680650
290,1001475,강남개포시장,11680670
291,1001412,화곡본동시장,11500590
292,1001413,까치산시장,11500593
293,1001414,송화골목시장,11500611
294,1001452,중부시장,11620575
295,1001415,방신전통시장,11500630
296,1001416,공항시장,11500640
297,1001423,독산동 우시장,11545610
298,1001424,남문시장,11545630
299,1001425,푸른터시장,11545630
300,1001426,대명시장,11545670
301,1001427,현대시장,11545670
302,1001428,박미시장,11545690
303,1001429,은행나무시장,11545710
304,1001470,강남시장_강남,11680510
305,1001372,녹번시장,11380580
306,1001373,신응암시장,11380590
307,1001374,대림골목시장,11380600
308,1001480,새마을시장,11710650
309,1001440,노량진중앙시장,11590510
310,1001441,본동인정시장,11590510
311,1001442,신노량진시장,11590520
312,1001443,강남시장_동작,11590530
313,1001444,상도전통시장,11590530
314,1001445,영도시장,11590540
315,1001446,성대시장,11590550
316,1001375,증산종합시장,11380640
317,1001376,수일시장,11380650
318,1001460,관악신사시장,11620685
319,1001461,신림종합시장,11620685
320,1001462,강남골목시장,11620725
321,1001463,신림중앙시장,11620725
322,1001464,삼성동시장,11620745
323,1001465,신신림시장,11620745
324,1001466,미성동도깨비시장,11620765
325,1001467,우림시장,11620775
326,1001437,영진시장A동,11560680
327,1001438,우리시장,11560700
328,1001439,대림중앙시장,11560710
329,1001417,구로시장,11530550
330,1001418,남구로시장,11530550
331,1001419,가리봉시장,11530595
332,1001420,고척근린시장,11530730
333,1001421,개봉중앙시장,11530750
334,1001422,오류시장,11530770
335,1001476,풍납시장,11710510
336,1001477,마천시장,11710550
337,1001478,방이시장,11710562
338,1001479,석촌시장,11710600
339,1001396,목4동시장,11470540
340,1001397,신영시장,11470560
341,1001398,월정로시장,11470560
342,1001447,상도4동도깨비골목시장,11590560
343,1001448,흑석시장,11590605
344,1001449,남성사계시장,11590630
345,1000429,진흥로12길,11380510
346,1001494,종로?청계 관광특구,11110615
347,1000428,증산서길,11380640
348,1001495,잠실 관광특구,11710566
349,1001496,강남 마이스 관광특구,11680580
350,1001491,이태원 관광특구,11170650
351,1001492,명동 남대문 북창동 다동 무교동 관광특구,11140520
352,1001493,동대문패션타운 관광특구,11140590
353,1000430,진흥로1길,11380625
354,1000431,통일로69길,11380570
355,1000056,두텁바위로1길,11170530
356,1000229,동일로101길,11260520
357,1000230,동일로112길,11260590
358,1000757,상도로15길,11590540
359,1000758,상도로37길,11590530
360,1000860,바우뫼로39길,11650651
361,1000861,반포대로9길,11650530
362,1000526,목동중앙본로7길,11470540
363,1001183,서울 마포구 홍대입구역_2,11440660
364,1001184,서울 마포구 홍대입구역_3,11440660
365,1001185,서울 서대문구 신촌역,11410585
366,1001186,서울 서대문구 이대역,11410585
367,1001187,한양시장,11200550
368,1001188,장충동 족발거리,11140580
369,1001189,서울 중구 명동역,11140550
370,1001190,장한평역,11200790
371,1001192,서울 중구 충무로역_1,11140570
372,1001199,서울 중구 충무로역_2,11140570
373,1001200,북창동,11140520
374,1001201,서울 중구 신당역_1,11140650
375,1001202,롯데백화점,11140520
376,1001203,명동거리,11140550
377,1001231,서울 동대문구 신설동역_2,11230536
378,1001232,서울 종로구 종로3가역_2,11110615
379,1000267,돌곶이로8길,11290810
380,1000334,삼양로93길,11305660
381,1000354,덕릉로60길,11320513
382,1000355,도당로13가길,11320700
383,1000356,도당로13바길,11320700
384,1000357,도당로19길,11320690
385,1000358,도당로29길,11320690
386,1000364,도봉로156길,11320522
387,1000365,도봉로169나길,11320521
388,1000366,도봉로181길,11320521
389,1000367,도봉산4길,11320521
390,1000368,도봉산길,11320521
391,1000039,명동길,11140550
392,1000040,삼일대로4길,11140605
393,1000662,독산로50길,11545700
394,1000835,청림3길,11620545
395,1000836,행운1길,11620575
396,1000527,목동중앙북로16길,11470520
397,1000528,목동중앙북로8길,11470530
398,1000288,오패산로4길,11290725
399,1000315,노해로17길,11305630
400,1000316,노해로23길,11305620
401,1000106,성덕정17길,11200670
402,1000107,성덕정길,11200650
403,1000108,성수이로18길,11200690
404,1000522,목동로9길,11470650
405,1000523,목동중앙남로3가길,11470540
406,1000524,목동중앙로13나길,11470520
407,1000525,목동중앙로3길,11470540
408,1000753,사당로29길,11590640
409,1000842,원신길,11620745
410,1000843,소담길,11620595
411,1000658,금하로24길,11545710
412,1000659,남부순환로112길,11545510
413,1000660,독산로108길,11545630
414,1000661,독산로40길,11545700
415,1000171,답십리로23길,11230560
416,1000172,답십리로56길,11230610
417,1000173,답십리로60길,11230610
418,1000174,답십리로63길,11230660
419,1000197,장한로26가길,11230660
420,1000198,장한로26길,11230650
421,1000199,장한로27가길,11230660
422,1000200,장한로27길,11230660
423,1000150,면목로17길,11215760
424,1000151,아차산로40길,11215820
425,1000770,여의대방로22길,11590680
426,1000771,여의대방로22나길,11590680
427,1000772,여의대방로22카길,11590680
428,1000773,여의대방로24길,11590660
429,1000633,구로중앙로19길,11530530
430,1000872,서초대로4길,11650610
431,1000873,서초대로64길,11650510
432,1000176,답십리로68길,11230650
433,1000177,답십리로69길,11230660
434,1000178,답십리로72길,11230650
435,1000179,망우로18가길,11230730
436,1000180,망우로18길,11230730
437,1000181,망우로21길,11230720
438,1000183,무학로45길,11230536
439,1000184,사가정로13길,11230570
440,1000185,사가정로23가길,11230660
441,1000186,사가정로2길,11230600
442,1000187,서울시립대로16길,11230560
443,1000188,서울시립대로29길,11230560
444,1000347,한천로124나길,11305590
445,1000222,겸재로29길,11260565
446,1000223,겸재로36길,11260565
447,1000224,겸재로54길,11260565
448,1000329,삼양로24길,11305555
449,1000232,동일로130길,11260600
450,1000233,동일로139가길,11260610
451,1000234,동일로139길,11260610
452,1000634,구로중앙로28길,11530560
453,1000635,구로중앙로34길,11530560
454,1000119,왕십리로31길,11200520
455,1000120,왕십리로6길,11200660
456,1000121,용답29길,11200790
457,1000122,용답중앙길,11200790
458,1000123,장터길,11200615
459,1000182,무학로16길,11230536
460,1000341,오패산로52길,11305545
461,1000226,공릉로2길,11260620
462,1000227,답십리로75길,11260540
463,1000248,면목로78길,11260565
464,1000249,봉우재로33길,11260590
465,1000251,봉화산로4길,11260610
466,1000252,봉화산로56길,11260680
467,1000253,사가정로42길,11260570
468,1000254,사가정로54길,11260570
469,1000255,신내로7가길,11260580
470,1000363,도봉로152가길,11320522
471,1000235,동일로140길,11260600
472,1000236,동일로149길,11260630
473,1000237,동일로157길,11260630
474,1000654,가산로3길,11545610
475,1000655,가산로5길,11545510
476,1000656,금하로14길,11545670
477,1000657,금하로1길,11545610
478,1000124,청계천로10나길,11200540
479,1000077,한강대로104길,11170530
480,1000078,한강대로15길,11170625
481,1000102,사근동길,11200550
482,1000103,상원12길,11200660
483,1000104,상원길,11200660
484,1000105,서울숲2길,11200660
485,1000250,봉화산로30길,11260600
486,1000936,학동로38길,11680531
487,1000609,개봉로11길,11530760
488,1000610,개봉로17길,11530750
489,1000505,토정로37길,11440590
490,1000506,효창원로93길,11440565
491,1000974,동남로65길,11740540
492,1000739,동작대로17길,11590620
493,1000740,동작대로29길,11590630
494,1000741,동작대로33길,11590630
495,1000742,동작대로35길,11590630
496,1000743,동작대로7길,11590620
497,1000744,등용로14길,11590660
498,1000844,강남대로23길,11650651
499,1000712,선유서로25길,11560610
500,1000511,곰달래로5길,11470560
501,1000512,남부순환로33길,11470600
502,1000513,남부순환로40길,11470580
503,1000514,남부순환로58길,11470580
504,1000515,남부순환로70길,11470611
505,1000516,남부순환로79길,11470610
506,1000922,삼성로69길,11680630
507,1000923,삼성로75길,11680630
508,1000924,선릉로121길,11680531
509,1000925,선릉로132길,11680565
510,1000926,선릉로133길,11680531
511,1000927,선릉로146길,11680565
512,1000597,양천로73가길,11500510
513,1000799,남부순환로234길,11620585
514,1000471,마포대로12길,11440555
515,1000472,마포대로20길,11440565
516,1001006,천호대로197길,11740685
517,1001007,천호대로219길,11740520
518,1001008,천호옛14길,11740650
519,1001009,천호옛길,11740650
520,1001010,풍성로37가길,11740650
521,1000787,국회단지길,11620605
522,1000543,중앙로32길,11470620
523,1000564,강서로5나길,11500540
524,1000565,강서로5라길,11500550
525,1000566,강서로8길,11500593
526,1000567,개화동로23길,11500640
527,1000568,개화동로25길,11500640
528,1000569,곰달래로25길,11500593
529,1000730,영등포로80길,11560630
530,1000794,난향길,11620715
531,1000795,남부순환로142길,11620765
532,1000796,남부순환로151길,11620685
533,1000797,남부순환로161길,11620685
534,1000798,남부순환로172길,11620765
535,1000955,송이로23길,11710632
536,1000782,관악로28길,11620575
537,1000783,관악로30길,11620545
538,1000784,관천로15길,11620685
539,1000785,관천로22길,11620695
540,1000889,개포로17길,11680690
541,1000890,개포로20길,11680690
542,1000747,사당로16가길,11590650
543,1000442,세무서길,11410640
544,1000959,양재대로62길,11710620
545,1000960,양재대로64길,11710620
546,1000961,양재대로71길,11710561
547,1000962,양재대로72길,11710570
548,1000963,오금로11길,11710562
549,1000964,오금로36길,11710620
550,1000665,독산로78다길,11545640
551,1000941,동남로20길,11710632
552,1000942,마천로51길,11710550
553,1000943,백제고분로21길,11710610
554,1000944,백제고분로22길,11710610
555,1000945,백제고분로31길,11710610
556,1000946,백제고분로32길,11710610
557,1000956,송이로32길,11710641
558,1000957,송이로36길,11710641
559,1000958,송파대로30길,11710620
560,1000467,동교로19길,11440660
561,1000468,동교로25길,11440710
562,1000469,동교로27길,11440710
563,1000591,양천로14길,11500640
564,1000748,사당로16길,11590650
565,1000749,사당로20길,11590620
566,1000750,사당로23길,11590640
567,1000751,사당로23나길,11590640
568,1000852,논현로27길,11650651
569,1000931,영동대로112길,11680580
570,1000932,영동대로65길,11680610
571,1000933,일원로3길,11680730
572,1000978,상암로14길,11740610
573,1000979,상암로4길,11740610
574,1000980,상암로51길,11740530
575,1000981,상암로5길,11740580
576,1000982,상일로5길,11740520
577,1000983,성내로5길,11740640
578,1000697,대림로7길,11560710
579,1000698,대림로8길,11560700
580,1000603,화곡로13길,11470600
581,1000488,신촌로12길,11440660
582,1000489,신촌로28가길,11440555
583,1000490,신촌로30길,11440555
584,1000491,양화로11길,11440660
585,1000507,가로공원로58길,11470580
586,1000508,곰달래로10길,11470560
587,1000509,곰달래로2길,11470560
588,1000592,양천로24가길,11500630
589,1000593,양천로24길,11500630
590,1000594,양천로26길,11500630
591,1000595,양천로49길,11500603
592,1000596,양천로71길,11500510
593,1000921,삼성로64길,11680610
594,1000934,일원로9길,11680730
595,1000935,테헤란로81길,11680580
596,1000968,고덕로10길,11740570
597,1000969,고덕로25길,11740590
598,1000970,고덕로61길,11740550
599,1000971,구천면로36길,11740600
600,1000972,구천면로41길,11740610
601,1000973,구천면로42길,11740600
602,1000718,신길로60길,11560515
603,1000719,양평로19길,11560620
604,1000720,양평로22라길,11560620
605,1000721,양평로28길,11560620
606,1000722,여의대방로35길,11560680
607,1000723,여의대방로39길,11560690
608,1000476,망원로2길,11440690
609,1000477,매봉산로2길,11440740
610,1000880,효령로23길,11650600
611,1000881,효령로31길,11650600
612,1000882,효령로34길,11650620
613,1000883,효령로72길,11650520
614,1000884,방배중앙로21길,11650590
615,1000879,청두곶길,11650610
616,1000885,서초중앙로8길,11650510
617,1000704,도신로29길,11560585
618,1000510,곰달래로3길,11470560
619,1000999,진황도로27길,11740620
620,1000681,시흥대로84길,11545620
621,1000682,시흥대로94길,11545620
622,1000895,논현로10길,11680690
623,1000896,논현로115길,11680521
624,1000897,논현로123길,11680521
625,1000473,마포대로4길,11440585
626,1000474,만리재옛길,11440565
627,1000475,망원로11길,11440700
628,1000786,구암길,11620565
629,1000904,도곡로37길,11680650
630,1000905,도산대로15길,11680510
631,1000598,우장산로6길,11500615
632,1000599,월정로20길,11500540
633,1000600,초록마을로3길,11500590
634,1000601,초록마을로8길,11500590
635,1000602,초원로16길,11500630
636,1000703,도신로15길,11560585
637,1000580,공항대로8길,11500620
638,1000641,도림로6길,11530595
639,1000669,범안로17길,11545610
640,1000670,벚꽃로56길,11545510
641,1000671,시흥대로120길,11545640
642,1000672,시흥대로138길,11545630
643,1000673,시흥대로141길,11545610
644,1000667,문성로5길,11545630
645,1000668,범안로11길,11545610
646,1000800,남부순환로248길,11620625
647,1000920,삼성로63길,11680630
648,1000438,모래내로15길,11410690
649,1000439,북아현로4길,11410555
650,1000440,세검정로1길,11410660
651,1000441,세무서2길,11410655
652,1000906,도산대로23길,11680510
653,1000907,도산대로30길,11680531
654,1000908,도산대로38길,11680531
655,1000909,도산대로50길,11680531
656,1000910,도산대로81길,11680565
657,1000853,동광로12길,11650621
658,1000891,개포로28길,11680690
659,1000892,개포로82길,11680670
660,1000965,오금로46길,11710632
661,1000966,풍성로25길,11710510
662,1000443,수색로8길,11410710
663,1000444,신촌로37길,11410555
664,1000445,연희로10길,11410615
665,1000446,응암로1길,11410720
666,1000447,증가로10길,11410700
667,1000898,논현로139길,11680521
668,1000666,독산로85길,11545630
669,1000544,중앙로36길,11470620
670,1000545,중앙로45길,11470640
671,1000546,중앙로47길,11470640
672,1000547,중앙로51길,11470570
673,1000548,중앙로55길,11470570
674,1000470,동교로38길,11440710
675,1000435,가재울로6길,11410700
676,1000436,독립문로8길,11410520
677,1000437,명지대길,11410700
678,1000975,동남로82길,11740560
679,1000976,동남로85길,11740550
680,1000977,명일로13길,11740700
681,1000893,남부순환로365길,11680655
682,1000570,곰달래로31길,11500550
683,1000571,곰달래로47길,11500550
684,1000572,곰달래로53길,11500570
685,1000573,곰달래로60길,11500570
686,1000611,개봉로17다길,11530750
687,1000612,개봉로1길,11530760
688,1000699,도림로112길,11560585
689,1000894,논현로106길,11680640
690,1000700,도림로147길,11560605
691,1000701,도림로63길,11560670
692,1000702,도림천로21길,11560710
693,1000793,난우길,11620765
694,1000984,성안로3길,11740640
695,1000845,강남대로34길,11650651
696,1000517,남부순환로88길,11470640
697,1000899,논현로159길,11680510
698,1000900,논현로26길,11680656
699,1000901,논현로28길,11680656
700,1000902,논현로63길,11680640
701,1000903,논현로8길,11680690
702,1000578,공항대로59다길,11500510
703,1000579,공항대로61길,11500510
704,1000967,강동대로53길,11740660
705,1000268,동소문로13길,11290575
706,1000269,동소문로15길,11290575
707,1000270,동소문로26가길,11290575
708,1000271,동소문로2길,11290555
709,1000272,동소문로6길,11290555
710,1000426,증산로5길,11380640
711,1000427,증산로9길,11380640
712,1001483,암사종합시장,11740570
713,1001484,양지골목시장,11740590
714,1001485,고분다리골목시장,11740600
715,1001486,동서울시장,11740610
716,1001487,천호시장,11740610
717,1001488,성내골목시장,11740650
718,1001489,둔촌역전통시장,11740660
719,1001339,정릉아리랑시장,11290630
720,1001482,고덕전통시장,11740560
721,1001340,정릉시장,11290640
722,1001341,길음시장,11290660
723,1001226,서울 종로구 종로5가역_2,11110630
724,1001227,종로구청,11110615
725,1001228,서울 종로구 종로5가역_3,11110630
726,1001229,서울 종로구 종로5가역_4,11110615
727,1001230,인사동,11110615
728,1001182,홍익대학교 주변,11440660
729,1001173,서울 강동구 명일역,11740530
730,1001174,등촌역,11470530
731,1001175,서울 강동구 고덕역,11740540
732,1001176,서울 중구 약수역_1,11140635
733,1001177,서울 중구 약수역_2,11140625
734,1001178,서울 마포구 홍대입구역_1,11440660
735,1001179,강서구청,11500591
736,1001180,신촌역,11440600
737,1001191,왕십리역_1,11200560
738,1000204,전농로3길,11230600
739,1000205,전농로4길,11230610
740,1000206,제기로21길,11230705
741,1000264,돌곶이로27길,11290770
742,1000265,돌곶이로28길,11290770
743,1000266,돌곶이로41길,11290760
744,1001357,장미원골목시장,11305645
745,1001358,수유북부시장,11305660
746,1001348,동북시장,11305534
747,1001349,방천골목시장,11305545
748,1001350,숭인시장,11305555
749,1001351,솔샘시장,11305575
750,1001409,화곡중앙골목시장,11500540
751,1001410,대원종합시장,11500560
752,1001411,남부골목시장,11500570
753,1001471,영동전통시장,11680521
754,1001472,논현종합시장,11680531
755,1001473,청담삼익시장,11680565
756,1001251,서울 강북구 미아삼거리역_1,11305545
757,1001220,서울 종로구 동대문역_2,11110670
758,1001221,장안동사거리,11230660
759,1001222,동묘앞역,11110670
760,1001223,서울 종로구 광화문역_2,11110530
761,1001224,서울 동대문구 신설동역_1,11230536
762,1001225,신설동역,11110710
763,1001197,장한평역_2,11230650
764,1001198,서울 강서구 송정역,11500620
765,1001168,남영역,11170530
766,1001169,서울 용산구 숙대입구역,11170520
767,1001170,공덕역,11440555
768,1001171,서울 마포구 공덕역_2,11440555
769,1001172,어린이대공원역,11215730
770,1000052,녹사평대로32길,11170650
771,1000053,녹사평대로40나길,11170660
772,1000055,대사관로34길,11170685
773,1000133,긴고랑로20길,11215750
774,1000201,장한로5길,11230650
775,1000202,장한로8길,11230650
776,1000203,전농로29길,11230560
777,1001343,장위전통시장,11290770
778,1001344,번동시장,11290780
779,1000054,녹사평대로46길,11170660
780,1001345,새석관시장,11290810
781,1001347,석관황금시장,11290810
782,1001352,번동북부골목시장,11305590
783,1001353,수유전통시장,11305610
784,1001342,밤나무골시장,11290715
785,1001354,우이시장,11305620
786,1001355,강북종합시장,11305630
787,1001346,석관시장,11290810
788,1001356,수유중앙시장,11305630
789,1001193,장한평역_1,11230650
790,1001194,서울 강서구 발산역,11500535
791,1001195,왕십리역_2,11200535
792,1001196,시청역_1,11140520
793,1001247,미아사거리_2,11290685
794,1001248,서울 은평구 불광역_1,11380570
795,1001218,동대문시장_2,11110630
796,1001219,서울 종로구 동대문역_1,11110680
797,1001249,서울 은평구 불광역_2,11380520
798,1001250,서울 은평구 불광역_3,11380570
799,1001121,영등포역_3,11560535
800,1001122,여의도 시범아파트앞,11560540
801,1001081,서울 강남구 역삼역_2,11680640
802,1001161,건대입구역,11215840
803,1001162,서울 광진구 건대입구역_1,11215847
804,1001163,서울 강동구 천호역_2,11740610
805,1001164,서울 마포구 마포역_1,11440585
806,1000128,광나루로24길,11215710
807,1000129,광나루로36길,11215850
808,1000130,광나루로37길,11215860
809,1001160,서울 광진구 구의역,11215850
810,1000131,광나루로40길,11215850
811,1000048,퇴계로8길,11140540
812,1000049,퇴계로90길,11140650
813,1000050,녹사평대로11길,11170690
814,1000051,녹사평대로26길,11170650
815,1001362,백운시장,11320660
816,1001363,쌍문역골목시장,11320680
817,1001364,방학동도깨비시장,11320700
818,1001365,공릉동도깨비시장,11350595
819,1001366,상계시장,11350665
820,1001367,상계중앙시장,11350670
821,1001399,경창시장,11470570
822,1001400,신월3동골목시장,11470580
823,1001401,신곡종합시장,11470610
824,1001402,신월6동골목시장,11470610
825,1001481,명일골목시장,11740530
826,1001158,당산역_2,11560560
827,1001159,서울 강동구 천호역,11710510
828,1001209,서울시청,11140550
829,1001210,시청역_2,11140520
830,1001212,서대문구 서대문역_1,11110580
831,1001213,종각역 젊음의 거리,11110615
832,1001214,종각역,11110615
833,1001215,서울 종로구 광화문역_1,11110530
834,1001216,서울 종로구 종로3가역_1,11110615
835,1001211,동대문시장_1,11140590
836,1000194,이문로42길,11230750
837,1000256,용마산로100길,11260660
838,1000257,용마산로112길,11260655
839,1000258,용마산로118길,11260655
840,1000228,동일로100길,11260520
841,1000306,창경궁로43길,11290525
842,1000460,대흥로28길,11440610
843,1000010,성균관로5길,11110650
844,1000011,숭인동길,11110710
845,1000012,옥인길,11110515
846,1000013,율곡로10길,11110615
847,1000014,율곡로16길,11110630
848,1000015,이화장길,11110640
849,1000044,퇴계로12길,11140540
850,1000045,퇴계로18길,11140550
851,1000046,퇴계로46길,11140580
852,1000145,뚝섬로24길,11215847
853,1000538,오목로3길,11470590
854,1000539,오목로5길,11470590
855,1000540,은행정로5길,11470620
856,1000532,신목로5길,11470630
857,1000760,상도로61길,11590530
858,1000761,상도로62길,11590530
859,1000411,연서로5길,11380625
860,1000412,은평로10길,11380580
861,1000413,은평로13길,11380510
862,1000759,상도로47길,11590530
863,1000359,도봉로109길,11320680
864,1000360,도봉로114길,11320511
865,1000874,서초대로8길,11650610
866,1000875,신반포로45길,11650540
867,1000876,언남길,11650652
868,1000877,주흥15길,11650560
869,1000878,주흥길,11650560
870,1000631,구로동로7길,11530595
871,1000663,독산로64길,11545620
872,1000664,독산로70길,11545640
873,1000535,신월로20길,11470610
874,1000536,오목로23길,11470650
875,1000537,오목로30길,11470650
876,1000348,한천로130길,11305590
877,1000349,한천로132길,11305590
878,1000317,노해로33길,11305620
879,1000338,솔샘로65길,11305555
880,1000339,수유로12길,11305610
881,1000340,오패산로30길,11305545
882,1000330,삼양로27길,11305575
883,1000331,삼양로41길,11305534
884,1000756,사당로8길,11590651
885,1000636,구로중앙로42길,11530510
886,1000637,구로중앙로7길,11530550
887,1000638,구로중앙로8길,11530550
888,1000639,남부순환로97길,11530750
889,1000738,대방동2길,11590660
890,1000754,사당로2차길,11590651
891,1000755,사당로30길,11590620
892,1000632,구로동로8길,11530550
893,1000733,국사봉1길,11590550
894,1000342,오패산로67길,11305590
895,1000343,인수봉로56길,11305660
896,1000344,인수봉로72길,11305660
897,1000345,인수봉로79길,11305660
898,1000350,한천로139가길,11305630
899,1000351,한천로140길,11305630
900,1000318,덕릉로40길,11305600
901,1000319,덕릉로41길,11305590
902,1000320,도봉로13길,11305555
903,1000307,한천로101가길,11290760
904,1000308,한천로76길,11290810
905,1000332,삼양로54길,11305555
906,1000333,삼양로77길,11305610
907,1000398,역말로9길,11380570
908,1000387,한글비석로24길,11350670
909,1000388,한글비석로44길,11350670
910,1000281,삼양로8길,11290685
911,1000282,성북로8길,11290525
912,1000189,서울시립대로4길,11230560
913,1000190,약령시로17길,11230545
914,1000191,왕산로32길,11230536
915,1000192,왕산로33길,11230545
916,1000193,왕산로43길,11230705
917,1000346,한천로109길,11305606
918,1000335,솔매로41길,11305535
919,1000336,솔매로45길,11305535
920,1000337,솔매로50길,11305545
921,1000303,종암로24가길,11290705
922,1000304,종암로5길,11290705
923,1000305,지봉로20길,11290610
924,1000309,화랑로13길,11290725
925,1000311,화랑로19길,11290770
926,1000312,화랑로1길,11290715
927,1000041,장충단로8길,11140580
928,1000042,청구로17길,11140625
929,1000043,청구로1길,11140645
930,1000310,화랑로14길,11290725
931,1000389,가좌로7길,11380600
932,1000390,갈현로1길,11380631
933,1000352,노해로60길,11320680
934,1000353,노해로63다길,11320515
935,1000529,목동중앙서로7길,11470540
936,1000530,목동중앙서로8가길,11470540
937,1000531,신목로2길,11470630
938,1000118,왕십리로26길,11200535
939,1000095,마조로16길,11200540
940,1000096,마조로1길,11200550
941,1000097,매봉길,11200645
942,1000098,무수막길,11200615
943,1000099,무학로6길,11200535
944,1000100,무학봉28길,11200520
945,1000101,무학봉길,11200520
946,1000678,시흥대로62가길,11545670
947,1000679,시흥대로63길,11545670
948,1000714,신길로17길,11560670
949,1000715,신길로39길,11560650
950,1000716,신길로42가길,11560630
951,1000717,신길로42길,11560660
952,1000808,법원단지9길,11620775
953,1000812,봉천로33길,11620605
954,1000813,서림7길,11620665
955,1000814,승방길,11620630
956,1000928,선릉로18길,11680670
957,1000929,압구정로2길,11680510
958,1000930,언주로81길,11680650
959,1000499,월드컵로16길,11440660
960,1000867,사평대로26길,11650581
961,1000868,사평대로57길,11650560
962,1000869,서초대로15길,11650621
963,1000552,가로공원로76가길,11500540
964,1000553,가로공원로80길,11500540
965,1000624,고척로52길,11530720
966,1000006,북촌로11길,11110600
967,1000007,북촌로5길,11110540
968,1000137,능동로13길,11215710
969,1000138,능동로19길,11215710
970,1000139,능동로34길,11215780
971,1000231,동일로123길,11260610
972,1000831,조원중앙로2길,11620725
973,1000832,중앙길,11620615
974,1000833,청룡8길,11620595
975,1000809,법원단지길,11620775
976,1000810,복은길,11620665
977,1000855,동광로39길,11650581
978,1000856,동산로10길,11650652
979,1000857,동산로19길,11650652
980,1000858,방배천로4안길,11650610
981,1000859,마방로2길,11650652
982,1000549,지양로7길,11470611
983,1000500,월드컵로19길,11440690
984,1000576,공항대로55길,11500520
985,1000577,공항대로59길,11500520
986,1000674,시흥대로150길,11545630
987,1000675,시흥대로153길,11545510
988,1000676,시흥대로22길,11545690
989,1000677,시흥대로36길,11545690
990,1000821,신림로65길,11620695
991,1000008,북촌로5나길,11110540
992,1000009,삼청로5길,11110540
993,1000762,서달로10길,11590605
994,1000763,서달로14길,11590605
995,1000764,서달로15길,11590605
996,1000765,서달로8가길,11590605
997,1000326,도봉로99길,11305630
998,1000327,삼각산로28길,11305630
999,1000037,동호로20길,11140580
1000,1000038,동호로8길,11140635
1001,1000109,성수이로7길,11200690
1002,1000110,성수일로6길,11200690
1003,1000175,답십리로64길,11230650
1004,1000088,고산자로6길,11200560
1005,1000089,금호산2길,11200615
1006,1000724,여의대방로43나길,11560690
1007,1000815,신림동길,11620695
1008,1000986,양재대로101길,11740660
1009,1000987,양재대로116길,11740685
1010,1000988,양재대로124길,11740685
1011,1000989,양재대로133길,11740600
1012,1000937,학동로56길,11680590
1013,1000991,양재대로95길,11740660
1014,1000992,양재대로96길,11740700
1015,1000993,올림픽로48길,11740640
1016,1000994,올림픽로71길,11740610
1017,1000995,올림픽로77길,11740610
1018,1000996,올림픽로78길,11740610
1019,1000997,올림픽로80길,11740610
1020,1000328,삼양로20길,11305555
1021,1000313,화랑로32길,11290810
1022,1000314,화랑로40길,11290810
1023,1000382,상계로12길,11350640
1024,1000383,상계로1길,11350640
1025,1000094,마장로39길,11200540
1026,1000167,천호대로129길,11215860
1027,1000774,여의대방로46길,11590660
1028,1000238,동일로163길,11260630
1029,1000239,망우로68길,11260655
1030,1000240,망우로73길,11260655
1031,1000241,면목로21길,11260540
1032,1000242,면목로33길,11260540
1033,1000243,면목로45길,11260575
1034,1000247,면목로56길,11260565
1035,1000990,양재대로91길,11740660
1036,1000563,강서로5가길,11500540
1037,1000846,강남대로8길,11650652
1038,1000647,부일로1길,11530790
1039,1000648,새말로18길,11530560
1040,1000649,신도림로13길,11530510
1041,1000650,오류로8길,11530780
1042,1000998,올림픽로98길,11740570
1043,1000653,중앙로1길,11530720
1044,1000752,사당로26길,11590620
1045,1000680,시흥대로68길,11545670
1046,1000829,조원로10길,11620725
1047,1000519,목동동로12길,11470510
1048,1000520,목동동로8길,11470630
1049,1000521,목동로19길,11470650
1050,1000140,능동로3길,11215847
1051,1000141,능동로4길,11215840
1052,1000142,동일로18길,11215847
1053,1000143,동일로24길,11215710
1054,1000144,뚝섬로23길,11215840
1055,1000732,영신로9길,11560515
1056,1000554,강서로15길,11500540
1057,1000555,강서로17가길,11500540
1058,1000556,강서로18길,11500593
1059,1000216,한천로40길,11230660
1060,1000168,경희대로3길,11230710
1061,1000169,경희대로4길,11230710
1062,1000170,난계로30길,11230536
1063,1000022,창신2길,11110680
1064,1000651,우마길,11530595
1065,1000616,개봉로3길,11530760
1066,1000518,목동남로4길,11470680
1067,1000492,양화로1길,11440680
1068,1000493,양화진길,11440680
1069,1000494,와우산로29가길,11440660
1070,1000495,와우산로29길,11440660
1071,1000496,와우산로3길,11440655
1072,1000729,영등포로62길,11560515
1073,1000501,월드컵로25길,11440700
1074,1000502,월드컵로36길,11440730
1075,1000503,월드컵로7길,11440680
1076,1000504,월드컵로8길,11440660
1077,1000688,당산로31길,11560550
1078,1000689,당산로37길,11560560
1079,1000830,조원로18길,11620725
1080,1000062,우사단로10길,11170700
1081,1000063,우사단로14길,11170685
1082,1000028,난계로11길,11140670
1083,1000029,난계로21길,11140670
1084,1000766,성대로1길,11590560
1085,1000870,서초대로23길,11650621
1086,1000245,면목로49길,11260575
1087,1000626,구로동로15길,11530530
1088,1000627,구로동로28길,11530530
1089,1000628,구로동로38길,11530530
1090,1000629,구로동로41길,11530530
1091,1000630,구로동로42길,11530530
1092,1000871,서초대로25길,11650621
1093,1000841,양지길,11620745
1094,1000497,월드컵로10길,11440660
1095,1000498,월드컵로11길,11440690
1096,1000581,국회대로7길,11500550
1097,1000816,신림로11길,11620735
1098,1000817,신림로28길,11620665
1099,1000818,신림로38길,11620665
1100,1000819,신림로48길,11620645
1101,1000780,관악로10길,11620585
1102,1000781,관악로14길,11620585
1103,1000938,학동로6길,11680521
1104,1000939,학동로77길,11680565
1105,1000613,개봉로20길,11530750
1106,1000614,개봉로23가길,11530740
1107,1000615,개봉로2길,11530760
1108,1000533,신목로6길,11470630
1109,1000534,신월로15길,11470590
1110,1000625,공원로6가길,11530560
1111,1000034,동호로10길,11140645
1112,1000035,동호로11길,11140625
1113,1000036,동호로15길,11140625
1114,1000384,상계로9가길,11350640
1115,1000217,한천로46길,11230660
1116,1000218,휘경로14길,11230720
1117,1000219,휘경로23길,11230740
1118,1000220,휘경로2길,11230740
1119,1000361,도봉로143길,11320690
1120,1000362,도봉로147길,11320690
1121,1000834,청룡길,11620595
1122,1000820,신림로64길,11620695
1123,1000483,성미산로32길,11440710
1124,1000484,성산로4길,11440720
1125,1000847,고무래로8길,11650581
1126,1000848,남부순환로317길,11650530
1127,1000849,남부순환로325길,11650530
1128,1000850,남부순환로339길,11650510
1129,1000851,논현로1길,11650652
1130,1001004,천호대로170길,11740650
1131,1001005,천호대로187길,11740685
1132,1000424,증산로17길,11380632
1133,1000391,갈현로33길,11380552
1134,1000392,갈현로41길,11380551
1135,1000385,석계로1길,11350560
1136,1000386,한글비석로22길,11350624
1137,1000621,고척로21나길,11530740
1138,1000622,고척로27길,11530740
1139,1000623,고척로27다길,11530730
1140,1000862,방배로18길,11650600
1141,1000246,면목로55길,11260565
1142,1000023,창신5길,11110680
1143,1000024,창신길,11110680
1144,1000146,뚝섬로48길,11215830
1145,1000147,뚝섬로54길,11215830
1146,1000148,뚝섬로58길,11215830
1147,1000149,뚝섬로64길,11215830
1148,1000244,면목로48길,11260575
1149,1000542,중앙로25길,11470640
1150,1000802,남현3길,11620630
1151,1000617,경인로15길,11530770
1152,1000618,경인로31길,11530740
1153,1000725,여의대방로61길,11560630
1154,1000726,영등포로25길,11560550
1155,1000727,영등포로27길,11560550
1156,1000728,영등포로35길,11560535
1157,1000019,종로65길,11110710
1158,1000020,지봉로8길,11110700
1159,1000021,창경궁로35길,11110650
1160,1000414,은평로20길,11380580
1161,1000415,은평로3길,11380625
1162,1000033,다산로39길,11140615
1163,1000561,강서로47길,11500611
1164,1000562,강서로47라길,11500611
1165,1000837,행운길,11620575
1166,1000838,호암로20길,11620735
1167,1000839,호암로24길,11620735
1168,1000731,영등포로84길,11560630
1169,1000822,신사로20길,11620685
1170,1000823,신원로3길,11620655
1171,1000824,양녕로6길,11620615
1172,1000825,은천로25길,11620565
1173,1000826,인헌길,11620625
1174,1000827,장군봉1길,11620595
1175,1000828,장군봉2길,11620595
1176,1000947,백제고분로33길,11710600
1177,1000948,백제고분로34길,11710600
1178,1000582,까치산로4길,11500590
1179,1000583,남부순환로11길,11500620
1180,1000683,가마산로61길,11560650
1181,1000684,경인로77길,11560605
1182,1000685,경인로80길,11560605
1183,1000686,경인로90길,11560605
1184,1000399,연서로11길,11380560
1185,1000400,연서로13길,11380560
1186,1000401,연서로16길,11380625
1187,1000619,경인로35길,11530740
1188,1000620,경인로47길,11530720
1189,1000283,솔샘로6길,11290640
1190,1000284,아리랑로4길,11290575
1191,1000030,다산로33길,11140615
1192,1000031,다산로36길,11140665
1193,1000032,다산로38길,11140665
1194,1000080,한강대로52길,11170625
1195,1000081,한강대로62길,11170625
1196,1000082,한강대로7길,11170625
1197,1000083,한강대로88길,11170530
1198,1000084,한남대로20길,11170685
1199,1000478,모래내로7길,11440730
1200,1000479,방울내로9안길,11440700
1201,1000480,백범로16길,11440600
1202,1000481,성미산로11길,11440720
1203,1000482,성미산로1길,11440720
1204,1000911,도산대로89길,11680565
1205,1000584,등촌로13길,11500570
1206,1000687,국회대로56길,11560535
1207,1000746,만양로8길,11590510
1208,1001000,진황도로47길,11740685
1209,1001001,천중로39길,11740600
1210,1001002,천중로51길,11740530
1211,1001003,천호대로162길,11740650
1212,1000690,당산로38길,11560560
1213,1000285,안암로5길,11290600
1214,1000286,오패산로19길,11290715
1215,1000559,강서로45길,11500560
1216,1000560,강서로45다길,11500560
1217,1000416,은평로8길,11380580
1218,1000417,응암로12길,11380600
1219,1000418,응암로13길,11380600
1220,1000090,금호산길,11200615
1221,1000091,둘레9길,11200650
1222,1000092,뚝섬로5길,11200670
1223,1000093,마장로27길,11200540
1224,1000225,공릉로12가길,11260620
1225,1000160,자양로26길,11215850
1226,1000161,자양로45길,11215770
1227,1000863,방배로35길,11650590
1228,1000705,도신로60길,11560630
1229,1000706,도신로62길,11560630
1230,1000707,디지털로37길,11560710
1231,1000708,디지털로57길,11560710
1232,1000709,디지털로74길,11560700
1233,1000801,남현2길,11620630
1234,1000448,증가로20가길,11410720
1235,1000691,당산로46길,11560560
1236,1000803,남현길,11620630
1237,1000804,당곡길,11620525
1238,1000805,대학14길,11620735
1239,1000806,대학길,11620735
1240,1000807,미성5길,11620765
1241,1000940,거마로20길,11710550
1242,1000419,응암로14길,11380600
1243,1000420,응암로22길,11380600
1244,1000397,수색로18길,11380650
1245,1000079,한강대로43길,11170625
1246,1000025,통일로12길,11110580
1247,1000864,방배로42길,11650590
1248,1000865,사임당로17길,11650510
1249,1000866,사평대로22길,11650581
1250,1000433,통일로87길,11380551
1251,1000434,통일로92길,11380530
1252,1000408,연서로34길,11380530
1253,1000840,양산길,11620745
1254,1000640,도림로12길,11530540
1255,1000604,화곡로20길,11500540
1256,1000605,화곡로31길,11500615
1257,1000606,화곡로44나길,11500591
1258,1000607,화곡로59길,11500591
1259,1000608,화곡로64길,11500520
1260,1000710,선유로55길,11560620
1261,1000711,선유서로24길,11560610
1262,1000949,백제고분로39길,11710600
1263,1000950,백제고분로42길,11710580
1264,1000951,백제고분로45길,11710580
1265,1000952,백제고분로46길,11710580
1266,1000953,백제고분로50길,11710562
1267,1000954,삼전로13길,11710650
1268,1000912,봉은사로109길,11680580
1269,1000026,평창길,11110560
1270,1000027,필운대로1길,11110530
1271,1000458,광성로6길,11440630
1272,1000459,대흥로21길,11440600
1273,1000087,후암로28길,11170510
1274,1000111,송정12라길,11200720
1275,1000112,송정4가길,11200720
1276,1000113,아차산로11길,11200690
1277,1000114,아차산로15길,11200690
1278,1000115,아차산로5길,11200690
1279,1000116,왕십리로14길,11200660
1280,1000117,왕십리로21길,11200560
1281,1000775,장승배기로10길,11590540
1282,1000642,디지털로27길,11530595
1283,1000643,디지털로32가길,11530540
1284,1000644,디지털로32길,11530540
1285,1000645,부일로11길,11530790
1286,1000646,부일로15길,11530790
1287,1000745,만양로14길,11590510
1288,1000713,선유서로28길,11560610
1289,1000776,장승배기로19길,11590520
1290,1000777,장승배기로27길,11590520
1291,1000778,흑석로13길,11590605
1292,1000779,흑석로9길,11590605
1293,1000886,강남대로118길,11680521
1294,1000887,강남대로136길,11680521
1295,1000888,강남대로140길,11680521
1296,1000811,봉천로13길,11620525
1297,1000004,명륜길,11110650
1298,1000005,백석동길,11110550
1299,1000287,오패산로3길,11290715
1300,1000432,통일로78길,11380530
1301,1000195,장한로14길,11230650
1302,1000085,회나무로13길,11170660
1303,1000086,효창원로39길,11170590
1304,1000196,장한로25길,11230650
1305,1000134,긴고랑로7길,11215740
1306,1000135,긴고랑로8길,11215740
1307,1000136,긴고랑로9길,11215760
1308,1000585,등촌로39길,11500530
1309,1000586,등촌로51길,11500530
1310,1000587,등촌로55길,11500530
1311,1000588,등촌로5길,11500570
1312,1000589,방화대로21길,11500620
1313,1000590,방화대로6라길,11500620
1314,1000574,공항대로38길,11500615
1315,1000575,공항대로42길,11500615
1316,1000692,대림로22길,11560700
1317,1000693,대림로29길,11560720
1318,1000694,대림로31길,11560720
1319,1000695,대림로34길,11560720
1320,1000696,대림로44길,11560720
1321,1000550,화곡로3길,11470600
1322,1000551,화곡로4길,11470600
1323,1000321,도봉로18길,11305545
1324,1000322,도봉로45길,11305535
1325,1000323,도봉로67길,11305535
1326,1000324,도봉로76길,11305535
1327,1000325,도봉로8길,11305545
1328,1000421,응암로34길,11380580
1329,1000461,도화4길,11440585
1330,1000162,자양로50길,11215860
1331,1000163,자양로53길,11215770
1332,1000164,자양번영로3길,11215840
1333,1000165,천호대로109길,11215750
1334,1000166,천호대로123길,11215750
1335,1000132,광나루로52길,11215870
1336,1000301,종암로19길,11290705
1337,1000854,동광로1길,11650590
1338,1000449,증가로23나길,11410720
1339,1000450,증가로6길,11410685
1340,1000451,충정로4길,11410565
1341,1000452,충정로6길,11410565
1342,1000453,통일로11길,11410520
1343,1000454,통일로37길,11410620
1344,1000455,통일로39길,11410620
1345,1000456,홍연길,11410615
1346,1000457,홍제내길,11410620
1347,1000485,성지3길,11440680
1348,1000486,숭문8길,11440610
1349,1000487,숭문길,11440610
1350,1000462,도화길,11440585
1351,1000463,독막로22길,11440655
1352,1000464,독막로32길,11440630
1353,1000465,독막로8길,11440680
1354,1000466,동교로17길,11440660
1355,1000001,계동길,11110600
1356,1000002,난계로27길,11110710
1357,1000003,돈화문로11가길,11110615
1358,1000409,연서로3길,11380625
1359,1000410,연서로41길,11380530
1360,1000393,갈현로7길,11380625
1361,1000394,불광천길,11380600
1362,1000395,서오릉로21길,11380560
1363,1000396,서오릉로8길,11380570
1364,1000985,암사길,11740570
1365,1000788,낙성대역길,11620625
1366,1000789,난곡로24길,11620775
1367,1000790,난곡로26길,11620775
1368,1000791,난곡로34길,11620775
1369,1000792,난곡로74길,11620685
1370,1000913,봉은사로29길,11680531
1371,1000914,봉은사로43길,11680531
1372,1000915,봉은사로57길,11680590
1373,1000916,봉은사로68길,11680590
1374,1000917,삼성로115길,11680590
1375,1000918,삼성로147길,11680565
1376,1000919,삼성로57길,11680600
1377,1000652,중앙로15길,11530730
1378,1001034,서울 서초구 방배역,11650600
1379,1001035,매봉역,11680656
1380,1001036,문정역,11710641
1381,1001037,양재역,11680655
1382,1001072,신대방삼거리역,11590550
1383,1001063,교대역_4,11650531
1384,1001064,대림역_1,11530550
1385,1001065,은마아파트입구사거리_1,11680600
1386,1001124,서울 영등포구 영등포시장역,11560535
1387,1001125,학동사거리_2,11680565
1388,1001126,서울 양천구 신정네거리역_2,11470650
1389,1001127,서울 영등포구 여의도역_1,11560540
1390,1001128,청담사거리_1,11680565
1391,1001129,청담사거리_2,11680565
1392,1001130,청담역_1,11680565
1393,1001131,청담역_2,11680565
1394,1001132,영등포유통상가,11560550
1395,1001133,청담사거리_3,11680565
1396,1001134,서울 영등포구 여의도역_2,11560540
1397,1001378,아현가구거리상점가,11410555
1398,1001430,영등포전통시장,11560535
1399,1001431,영등포청과시장,11560550
1400,1001432,도림시장,11560585
1401,1001433,영일시장,11560605
1402,1001434,양남시장,11560610
1403,1001435,대신시장,11560630
1404,1001436,사러가시장,11560650
1405,1001455,봉일시장,11620605
1406,1001456,봉천현대시장,11620605
1407,1001457,봉천중앙시장,11620615
1408,1001458,인헌시장,11620625
1409,1000302,종암로21길,11290705
1410,1000259,용마산로94길,11260575
1411,1000260,중랑천로10길,11260520
1412,1000261,길음로7길,11290660
1413,1000262,돌곶이로14길,11290810
1414,1000263,돌곶이로22길,11290810
1415,1000402,연서로17길,11380552
1416,1001135,신사동 가로수길,11680510
1417,1001136,오목교역,11470510
1418,1001137,서울 강동구 둔촌동역,11740660
1419,1001138,압구정 로데오거리_1,11680565
1420,1001139,서울 영등포구 영등포구청역,11560550
1421,1001140,서울 강남구 압구정역,11680545
1422,1001233,서울 종로구 종로3가역_3,11110615
1423,1001234,서울 종로구 경복궁역_1,11110530
1424,1001235,서울 종로구 안국역_1,11110600
1425,1001236,서울 종로구 안국역_2,11110540
1426,1001237,서울 종로구 경복궁역_2,11110530
1427,1001238,서울 동대문구 청량리역,11230560
1428,1001239,디지털미디어시티,11440740
1429,1001240,혜화역 대학로_1,11110640
1430,1001459,신원시장,11620655
1431,1001392,동진시장,11440710
1432,1001393,마포농수산물시장,11440730
1433,1001379,인왕시장,11410640
1434,1001380,포방터시장,11410660
1435,1001381,모래내시장,11410690
1436,1001382,백련시장,11410700
1437,1001383,공덕시장,11440555
1438,1001384,마포시장,11440555
1439,1001385,아현시장,11440555
1440,1001386,신수시장,11440630
1441,1001387,서교시장,11440660
1442,1001388,영진시장,11440660
1443,1001389,합정시장,11440680
1444,1001390,망원시장,11440690
1445,1000074,청파로47나길,11170555
1446,1000075,청파로71길,11170555
1447,1000076,청파로73길,11170555
1448,1000159,자양로15길,11215820
1449,1000125,한림말3길,11200645
1450,1000126,한림말길,11200645
1451,1000127,광나루로12길,11215710
1452,1001141,압구정 로데오거리_2,11680545
1453,1001142,국회의사당역_1,11560540
1454,1001143,서울 용산구 신용산역,11170625
1455,1001144,국회의사당역_2,11560540
1456,1001145,용산 전자상가_1,11170625
1457,1001146,용산구청,11170650
1458,1001147,용산 전자상가_2,11170625
1459,1001148,목동사거리,11470540
1460,1001149,한남오거리,11170685
1461,1001241,혜화역 대학로_2,11110650
1462,1001242,혜화역 대학로_3,11110650
1463,1001243,서울 성북구 안암역,11290600
1464,1001244,경희대학교,11230710
1465,1001245,서울 성북구 성신여대입구역,11290575
1466,1001246,미아사거리_1,11290715
1467,1001204,서울 중구 을지로3가역_1,11140605
1468,1001205,동대문역사문화공원역,11140590
1469,1001157,서울 강동구 천호역_1,11740650
1470,1001391,망원월드컵시장,11440700
1471,1001403,신월7동골목시장,11470611
1472,1001404,신정제일시장,11470620
1473,1001405,신정2동골목시장,11470630
1474,1001406,신정3동골목시장,11470640
1475,1001394,목2동시장,11470520
1476,1001395,목3동시장,11470530
1477,1001271,동묘시장,11110710
1478,1001359,창동신창시장,11320512
1479,1001360,창동골목시장,11320513
1480,1001361,신도봉시장,11320521
1481,1000403,연서로21길,11380552
1482,1000404,연서로27길,11380552
1483,1000405,연서로28길,11380570
1484,1000406,연서로29길,11380551
1485,1000407,연서로33길,11380530
1486,1000425,증산로21길,11380631
1487,1000047,퇴계로56길,11140580
1488,1001150,서울 용산구 이태원역,11170650
1489,1001151,용산 전자상가_3,11170570
1490,1001152,서울 광진구 강변역,11215870
1491,1001153,당산역_1,11560620
1492,1001154,용산 전자상가_4,11170560
1493,1001155,용산 전자상가_5,11170560
1494,1001156,서울 강동구 길동역,11740685
1495,1001120,도산공원사거리_1,11680545
